6.892641641172089,7.4085646331450965,-0.5159229919730075
7.71244383427499,7.624622713167869,0.0878211211071207
7.769800996003896,7.636022155784849,0.13377884021904762
8.093156697722637,7.99355149360938,0.09960520411325735
8.318254328798846,8.090547574301983,0.22770675449686273
8.416488487294606,8.151891543658595,0.26459694363601116
8.138856750696325,7.990128541644702,0.14872820905162332
7.773173680482536,7.731850703452642,0.0413229770298944
8.188133414510478,7.957408135327885,0.2307252791825931
7.685703061234547,7.764437023471007,-0.07873396223646001
8.318010277546872,7.913819392267042,0.4041908852798297
8.075271546297458,7.814425695008322,0.26084585128913584
7.821242083523558,7.818967211700512,0.0022748718230456433
7.745435610274381,7.670847538499026,0.07458807177535487
7.739794458408701,7.515474270254563,0.22432018815413812
7.984462732262196,7.782615470758634,0.2018472615035627
8.124446855715847,7.83782300202827,0.28662385368757715
8.09925056179696,7.796691158100938,0.30255940369602286
8.059276223305648,7.809490547121112,0.24978567618453607
7.170888478512505,7.51195316102835,-0.341064682515845
7.589335823170617,7.441585964550178,0.14774985862043888
7.796469243086058,7.618492218467448,0.17797702461860965
8.37539918579835,7.982091104910426,0.393308080887925
8.35936910622267,7.957198778335632,0.4021703278870383
8.312626025674962,7.965236899216626,0.34738912645833686
8.147867129923947,7.886545751707115,0.26132137821683177
8.299783171949787,7.991377727742003,0.3084054442077848
8.084254106307318,7.922400831758248,0.1618532745490704
8.19533366716287,7.927856975627549,0.2674766915353217
8.413830678421084,8.128741024707296,0.28508965371378814
8.429235912657095,8.426904161386613,0.0023317512704821297
8.232440158470336,8.135605716807685,0.09683444166265076
8.33110454805304,8.187394189116713,0.14371035893632644
7.94873845481361,7.914983272191439,0.03375518262217181
7.988542982737695,7.820894522325507,0.16764846041218728
8.238536930171769,8.04959059010424,0.1889463400675293
8.383661798791715,8.275174160024614,0.10848763876710166
7.938088726896952,7.928510295564816,0.00957843133213565
8.250620082174692,8.051860483610596,0.19875959856409509
8.25088114470065,8.090619865894785,0.16026127880586394
7.682021510826875,6.8596225673712174,0.8223989434556573
7.332369205929062,7.586698900361215,-0.2543296944321529
8.137980454452139,8.02883151061804,0.10914894383409823
8.274357006756292,8.12301130507672,0.1513457016795723
8.335431477880796,8.222192978262846,0.11323849961794963
8.008032846969307,8.052453200274602,-0.044420353305294924
8.331827004436057,8.169573750887437,0.16225325354862008
8.370547611074752,8.202129633163334,0.16841797791141744
7.896924656268864,7.852290934131272,0.044633722137592535
8.048468743668883,7.809834124975429,0.23863461869345404
8.236685322712457,8.068365799071728,0.16831952364072933
8.470730317005897,8.235327099605602,0.2354032174002949
8.529516941105069,8.371960119838691,0.15755682126637716
8.156797046675651,8.100188669762824,0.05660837691282694
7.912789220690681,7.960412085383739,-0.0476228646930581
8.128290171607052,8.037955382290075,0.09033478931697658
8.371473537066832,8.142593490987542,0.2288800460792899
8.38091517312361,8.284832242638057,0.09608293048555261
7.51425465281641,7.994744161655676,-0.4804895088392662
8.515191188745565,8.4140606048178,0.1011305839277643
8.069029328774958,8.183503591368122,-0.11447426259316451
8.310414994188292,8.251525571040336,0.05888942314795642
8.138272638530186,8.056952870145812,0.0813197683843736
8.11162807830774,8.016847817851684,0.09478026045605681
8.282988692742602,8.132636033960084,0.15035265878251813
8.500250470685925,8.222325703308265,0.2779247673776606
8.590815331286851,8.31470117261791,0.27611415866894085
8.427049641563272,8.155828996149015,0.2712206454142567
8.323122887587735,8.20114608385282,0.12197680373491515
8.499232866039245,8.186229466398016,0.3130033996412287
8.575084669832014,8.414907632228221,0.16017703760379298
8.67368398817567,8.52844291744617,0.1452410707294991
8.750207862525711,8.708786169716205,0.04142169280950547
8.731013415269564,8.614819777497944,0.1161936377716195
8.384347278082808,8.263233291298702,0.12111398678410623
8.966483779064431,8.399608636758934,0.5668751423054967
8.681350777582521,8.202563619686957,0.4787871578955638
8.724695046740491,8.470988357163002,0.25370668957748954
8.714895850248494,8.539943401284606,0.17495244896388762
8.737131611781498,8.72954251062561,0.0075891011558884
8.835064935031076,8.827477189841204,0.0075877451898715975
9.03145291191651,8.897068302771935,0.1343846091445755
8.123261319121745,8.542107205994455,-0.4188458868727096
8.516392871245468,8.33060609016908,0.1857867810763878
8.62299361030245,8.533331349948647,0.08966226035380309
8.537387898701757,8.63304085183325,-0.09565295313149313
8.647870515057853,8.724967201163336,-0.0770966861054827
8.721439305625983,8.736044956714597,-0.01460565108861367
8.605020901781758,8.55667945780282,0.048341443978937804
8.737933858114136,8.435249012195257,0.3026848459188791
8.706324840138741,8.379769791453395,0.32655504868534635
8.688790784847216,8.496633942775343,0.19215684207187245
8.820551743253025,8.832822908617374,-0.012271165364348136
8.769662508112274,8.857900303511176,-0.08823779539890175
8.772920092626467,8.68960263356706,0.08331745905940657
8.773384596776648,8.587493794846713,0.18589080192993457
8.833025307284364,8.69391751194587,0.1391077953384947
8.550434525196039,8.739450938098225,-0.18901641290218585
8.6278397115033,8.639818426132585,-0.011978714629284681
8.685753832960154,8.649551375598696,0.03620245736145833
8.48920515487607,8.433772596183852,0.055432558692217526
8.595819511871428,8.518768440489207,0.07705107138222012
8.763740720509464,8.763018506883675,7.222136257887257E-4
8.917310693197807,8.744907364425673,0.17240332877213405
8.872346978983032,8.799915804423675,0.0724311745593571
8.759354748566208,8.63980057035252,0.11955417821368819
8.808518618782816,8.92162428469312,-0.1131056659103038
8.381831553485561,8.595027289210293,-0.2131957357247316
8.789507786736896,8.820697374116783,-0.03118958737988642
8.894258825002703,8.775831196907223,0.11842762809548013
8.798454696065095,8.68742656183695,0.11102813422814428
6.934397209928558,7.241788922075823,-0.30739171214726557
8.075271546297458,8.090548303232673,-0.015276756935215019
8.636397438894713,8.585602190398614,0.05079524849609918
8.73165920153676,8.823049912940526,-0.09139071140376664
8.522379718103538,8.5505197500268,-0.028140031923260977
8.73761303680885,8.629296752846562,0.10831628396228865
8.347590407030058,8.512170156900774,-0.16457974987071644
8.748939631537715,8.622233320535981,0.12670631100173324
8.625509334899697,8.543349479408828,0.08215985549086824
8.655214489313613,8.817860819626233,-0.16264633031262044
8.72729202920964,8.793149843831642,-0.06585781462200302
8.76732914779405,8.706483803923124,0.060845343870925106
8.74766979009724,8.92210715791094,-0.17443736781370056
8.836809882398365,8.782311366090646,0.05449851630771896
8.757626411267408,8.617240068818742,0.1403863424486662
8.744009988096744,8.586084240726423,0.15792574737032083
8.653121708640482,8.625465474217128,0.027656234423353965
8.458928283284262,8.666612995744346,-0.20768471246008424
8.790573479157159,8.654435415305848,0.13613806385131078
8.857941984804711,8.889643729491805,-0.03170174468709419
8.913146539151807,8.948179991731442,-0.03503345257963453
8.718990524710849,8.799880906399077,-0.08089038168822782
7.952615111651,8.595371146633141,-0.6427560349821411
8.539932678385727,8.759861290918112,-0.21992861253238516
8.912473274466036,8.969606154504095,-0.0571328800380595
8.907070776182689,8.889224031324368,0.017846744858321273
8.94102198354136,8.951826062991305,-0.010804079449945547
9.023287640806327,9.048529179285316,-0.0252415384789888
8.871926251117628,8.805157986245234,0.06676826487239396
8.379997952238393,8.601829080070063,-0.22183112783167047
8.711607995897575,8.8080258745464,-0.09641787864882545
8.567886305731756,8.833868832179975,-0.2659825264482194
8.820256365906321,8.936573845310638,-0.11631747940431758
8.814924599721019,9.01884436920704,-0.20391976948602064
8.785080636539838,8.95747538071292,-0.1723947441730811
8.79346036105272,8.868602424925554,-0.07514206387283373
8.706655856361559,8.775219767553036,-0.06856391119147709
8.655737000864297,8.942515125639597,-0.2867781247752994
8.832733591996416,8.906382603724037,-0.07364901172762117
8.900821604915228,9.065889348234814,-0.16506774331958596
8.325306029752582,8.63341387255339,-0.3081078428008084
9.002085433155724,8.741912537166256,0.26017289598946824
8.941283763647567,8.711480959519548,0.22980280412801868
8.853379672927634,8.666796809214956,0.18658286371267785
8.853808274977197,8.529210729565392,0.3245975454118053
8.861491864286915,8.777095024890654,0.08439683939626086
8.921857979353632,8.792391512577558,0.12946646677607454
8.95364003713313,8.918657908973149,0.034982128159981585
8.922391597295857,9.027453517057674,-0.10506191976181789
8.794521851788527,8.92850243888891,-0.13398058710038185
8.804475183846678,8.77734727404283,0.027127909803848382
8.511577452630602,8.585097386358221,-0.07351993372761889
8.912069097970134,8.698086339640932,0.21398275832920177
8.904222737368716,8.782540338058412,0.12168239931030378
8.944419791305915,8.84769172131704,0.09672806998887573
8.949235314374855,8.853558779898826,0.09567653447602886
8.85051762174672,8.68352240957642,0.1669952121702991
8.536799721055155,8.479721577175509,0.0570781438796466
8.82834762005316,8.884944006798962,-0.05659638674580236
8.734077192559303,9.114406005816088,-0.380328813256785
8.683554728631462,9.201278031846517,-0.517723303215055
8.66957087183712,9.114282896265298,-0.4447120244281777
8.917042560738766,9.014447815837489,-0.09740525509872278
8.837971491357209,9.010412487617009,-0.17244099625979992
8.821584877430965,8.860191813832099,-0.038606936401134107
8.914894908906568,8.801592798508405,0.11330211039816263
8.900412690577083,8.981520254615855,-0.0811075640387724
8.836228571526014,9.116095553203092,-0.2798669816770776
8.605753368395717,9.27098396096107,-0.6652305925653526
8.645938147306799,9.056373310180092,-0.4104351628732932
8.618123909994678,8.921512117672167,-0.3033882076774894
8.736649954872451,8.915364843530561,-0.17871488865811003
8.803874763534434,9.001624015052156,-0.19774925151772216
8.909640602443098,8.785718123560908,0.12392247888218932
8.738895704934043,9.04141437603889,-0.3025186711048473
8.733432966413652,9.111561527528865,-0.3781285611152132
8.484669999710677,9.107654127876216,-0.6229841281655393
8.449342524508063,8.963368146412412,-0.5140256219043486
8.790116892892472,8.608341127487787,0.18177576540468543
8.746716349694486,8.706559829204599,0.04015652048988727
8.890685920281129,8.811705790528217,0.07898012975291202
8.915432254432663,8.864561406691516,0.05087084774114636
8.92252495730139,8.900809531812373,0.021715425489016837
8.84922702143852,8.67280393885368,0.17642308258484007
8.704668113450987,8.720021710366655,-0.015353596915668177
8.829079952564836,8.835916127031492,-0.006836174466656075
8.822616945344176,9.077427476038617,-0.2548105306944404
8.650499558724462,8.99058935794001,-0.34008979921554783
8.79346036105272,8.90664565137852,-0.11318529032580038
8.677609912822142,8.500984167570817,0.17662574525132513
8.402679804627477,7.484470305914152,0.9182094987133249
8.910585718290132,8.54133463539765,0.36925108289248243
8.848796450925947,8.79504971729951,0.053746733626438115
8.934850340289763,8.8062423888409,0.1286079514488634
9.00859131751613,8.898604913093173,0.1099864044229566
8.833608482690892,8.812125551685464,0.021482931005428085
8.839856232763264,8.970273341067406,-0.1304171083041421
8.807621489536043,8.875403771210223,-0.06778228167418021
8.794370279222871,8.715617333640495,0.07875294558237655
8.868554040531201,8.777119219115312,0.09143482141588954
8.88405606174246,8.761929231029079,0.12212683071338049
8.933268478636418,8.908147619293505,0.025120859342912638
8.890272839380247,8.986852221798904,-0.09657938241865693
8.878358040627822,8.862735045142346,0.015622995485475855
8.828201089171515,8.946192854992578,-0.11799176582106341
8.605936401250625,8.768235791744265,-0.16229939049364006
8.85552084853691,8.847937283863079,0.007583564673831589
8.89192414015454,8.85554025754036,0.0363838826141798
8.927181388251986,8.902461281469074,0.0247201067829117
8.89370997756851,8.979946870500449,-0.08623689293193948
8.66319648553608,8.718014585420313,-0.05481809988423336
8.74814616962193,8.666978196921201,0.08116797270072773
8.786303878282583,8.867466755362383,-0.08116287707979986
8.836809882398365,8.928185971843778,-0.0913760894454132
8.822322177471738,8.887552047739216,-0.06522987026747806
8.902047345620277,8.889028018528265,0.013019327092012034
8.936561204693394,8.97643653020286,-0.03987532550946682
8.87458787627932,8.707867884786216,0.16671999149310324
8.970177815492379,8.827867174607318,0.14231064088506074
8.422662707570003,8.622589458838963,-0.19992675126895953
8.784162222270476,8.614182627264464,0.16997959500601212
8.854522203757432,8.857195302306366,-0.0026730985489340497
8.905851181208021,8.89477561022908,0.011075570978940519
8.957381735582787,8.938945063219078,0.01843667236370905
8.93353229607628,8.902419394241196,0.031112901835083306
8.708309295891688,8.593933037285089,0.11437625860659928
8.566935283311052,8.436057350413996,0.13087793289705552
8.841737428600585,8.82286665494712,0.018870773653464568
8.859363449152088,8.89600925498798,-0.036645805835892276
8.948585921534317,8.940327630803456,0.008258290730861262
8.950662495933999,8.987815194082662,-0.03715269814866318
8.902455592206882,9.014556460710294,-0.11210086850341128
8.722580021141189,9.091440756768796,-0.3688607356276066
8.667335849845957,8.876942876210629,-0.20960702636467232
8.705165419719007,8.749600921894759,-0.04443550217575165
8.834045641167798,8.974285506070233,-0.14023986490243523
8.86953877719374,9.05727371305636,-0.18773493586261836
8.732788324973118,8.897510700188938,-0.16472237521582045
8.92319149068606,9.034608161680058,-0.11141667099399832
8.695506726812653,8.69174204742694,0.003764679385712455
9.01517670716893,8.807975251699812,0.20720145546911795
8.925986089617076,8.80810216223491,0.11788392738216658
8.957639268419648,8.983862759372268,-0.026223490952620665
8.970813341411448,8.959068569746975,0.011744771664472964
8.962391701743002,8.99515305221622,-0.03276135047321915
8.988321188323683,9.016388044619477,-0.028066856295794196
9.072686206677387,8.89780074481579,0.1748854618615976
8.9001399880938,8.877120763159857,0.02301922493394315
8.834773814213882,8.69025405932419,0.14451975488969282
8.312135107648412,8.522033193646006,-0.20989808599759385
8.934718614016768,8.831727016338432,0.10299159767833643
8.951569643018821,8.868188959630023,0.083380683388798
9.007856923358275,8.918473629694493,0.08938329366378284
9.035391569511642,8.852314788873592,0.18307678063805
8.975503722070927,8.94320688539067,0.03229683668025807
8.914088348841334,9.024670790151347,-0.11058244131001338
8.92771217382708,9.010808180910749,-0.08309600708366816
8.953252164609035,9.103709590758072,-0.15045742614903723
8.9082888855571,9.10386535028445,-0.19557646472734902
8.911260254572033,9.053369588055553,-0.1421093334835195
9.054271186326293,9.010632116110342,0.04363907021595104
8.837681215593197,8.9636164256532,-0.1259352100600033
8.821437352166997,8.787731573664725,0.033705778502271855
8.442254104751743,7.959822507960825,0.48243159679091807
8.932212512329214,9.001895735041042,-0.06968322271182892
8.899457906353966,8.986282903823477,-0.08682499746951144
9.006509131694346,9.098471202395748,-0.09196207070140261
8.98281222234415,8.803488740914867,0.17932348142928234
8.163371316459912,8.495262791799524,-0.33189147533961183
8.608495349823023,8.230189985416853,0.37830536440617024
8.76280248744611,8.56373638441997,0.1990661030261407
8.947806093057054,8.840168417493436,0.10763767556361792
8.931948346431495,8.793028862704876,0.13891948372661922
8.893160828735379,8.739341772356232,0.15381905637914706
8.869116865929483,8.732184675138729,0.1369321907907537
8.80071662871916,8.666027682923556,0.1346889457956042
8.67846133901236,8.629256126477378,0.04920521253498222
8.927181388251986,8.80032168444914,0.12685970380284672
8.917444732471514,8.795029174435808,0.1224155580357067
8.923857580099885,8.662644345075888,0.2612132350239964
8.598588829620232,8.80482531884063,-0.20623648922039806
8.998384010052538,8.870391622484043,0.1279923875684954
8.828201089171515,8.737452910677483,0.0907481784940316
8.861917004235215,8.874912717236597,-0.01299571300138247
8.91811465947453,8.96617084015294,-0.04805618067840989
8.948066103458935,9.059482777933354,-0.11141667447441961
8.903679332926599,8.77657166399876,0.1271076689278381
8.915163617762142,8.782717874086213,0.13244574367592854
8.968523555396352,8.67043546611971,0.2980880892766429
8.402679804627477,8.36175398352441,0.040925821103066085
3.091042453358316,7.439281685983039,-4.348239232624723
6.999422467507961,8.300795414096534,-1.3013729465885726
8.624431942085836,8.49081577525704,0.13361616682879607
8.697178688412643,8.57702994990096,0.12014873851168417
8.67368398817567,8.612614309178003,0.0610696789976668
8.544419177669829,8.465390305988965,0.07902887168086359
8.538367426647644,8.515068199525034,0.023299227122610233
8.567696173589344,8.51401477689938,0.053681396689963634
8.645762292210945,8.519981226679354,0.12578106553159074
8.524168805152662,8.340885714096563,0.18328309105609897
8.57828829077605,8.599207327398416,-0.020919036622366605
8.698180525197055,8.656098190028194,0.042082335168860396
8.785080636539838,8.764606623126472,0.02047401341336652
8.832295859444011,8.660728926454274,0.17156693298973735
8.743372131273969,8.51632196962182,0.22705016165214786
8.317277766221235,8.326981359084591,-0.009703592863356647
8.611593866837723,8.518978740019927,0.09261512681779571
8.602453035367061,8.488092756067042,0.11436027930001913
8.647870515057853,8.677306960391231,-0.029436445333377748
8.635687085464026,8.593180323203212,0.04250676226081396
8.448700194970938,8.422092923852322,0.026607271118615827
8.612321536507814,8.4632210789969,0.1491004575109134
8.636574948436317,8.60951340119127,0.02706154724504728
8.545974992841689,8.691323056435976,-0.14534806359428742
7.793586803371584,8.510223002424251,-0.7166361990526671
8.271292652979412,8.720144851409989,-0.44885219843057733
7.7306140660637395,8.401356367263059,-0.6707423011993194
7.793174347189205,8.437815874272506,-0.6446415270833006
8.534443544822764,8.665342888983215,-0.13089934416045068
8.28374674710613,8.27979001933567,0.003956727770461299
8.567886305731756,8.543567328505459,0.024318977226297278
8.579792333172758,8.584489568375439,-0.004697235202680616
8.64259160081057,8.650612545809395,-0.00802094499882422
8.55468163582723,8.435485069907244,0.11919656591998518
8.444407421690585,8.362497731002911,0.08190969068767373
8.737773460327283,8.743654123679256,-0.005880663351973681
8.795733605950735,8.753485415125938,0.042248190824796694
8.653296274408579,8.679531162568622,-0.026234888160043823
8.589513852995864,8.4947359290558,0.09477792394006457
8.518791912779934,8.453994848796414,0.06479706398351937
8.627302414096267,8.486186677544344,0.14111573655192267
8.07961802938984,8.352322858981472,-0.2727048295916319
8.550627967502475,8.443145961826497,0.10748200567597799
8.612685172875459,8.40640687099997,0.20627830187548923
8.579040594742317,8.466421113392872,0.11261948134944433
8.61830469278465,8.571224433070185,0.04708025971446439
8.632484235750972,8.544473720322426,0.08801051542854665
8.526549286340263,8.602384097765233,-0.07583481142497028
8.239065331769268,8.400265323008014,-0.16119999123874607
8.430545384690566,8.471769997261127,-0.04122461257056109
8.622813673279921,8.63672982189334,-0.0139161486134185
8.569216219483389,8.567792546110898,0.0014236733724910522
8.325548307161398,8.48822135411767,-0.1626730469562716
8.195057690895077,7.7730904596262995,0.421967231268777
7.466799475018602,7.762628521769733,-0.2958290467511304
7.488293515159428,7.856715505264698,-0.3684219901052703
6.824373670043086,7.714413712625608,-0.8900400425825215
6.920671504248683,7.580017821779181,-0.6593463175304981
6.089044875446846,6.682190650615842,-0.5931457751689964
7.656337166430183,7.603182594146219,0.05315457228396436
8.037543185118697,7.834438366306169,0.20310481881252773
7.201170883281678,7.748351614582299,-0.547180731300621
7.493317248862145,7.688666813880708,-0.19534956501856282
7.911690520708339,7.708352177513219,0.2033383431951199
6.68586094706836,7.312684748001534,-0.6268238009331739
7.207118856207756,7.301360870804578,-0.09424201459682191
7.3537223303996315,7.364681026537172,-0.01095869613754008
7.3777589082278725,7.457155230694788,-0.07939632246691541
7.381501894506707,7.473418765082036,-0.0919168705753286
7.31986492980897,7.324006733672328,-0.004141803863357829
6.8658910748834385,7.133461716058959,-0.26757064117552076
6.71174039505618,7.058955088420347,-0.3472146933641671
7.186144304522325,7.228086194152606,-0.041941889630281004
7.141245122350491,7.210060871368875,-0.06881574901838405
7.057897937411856,7.188356139256604,-0.130458201844748
7.2485040723706105,7.2341596402170705,0.014344432153539977
7.259116128097101,7.384835650051499,-0.12571952195439806
7.129297548929373,7.363263825322574,-0.23396627639320045
7.093404625868766,7.345429403126423,-0.25202477725765693
6.907755278982137,6.959106581066717,-0.05135130208457994
6.52649485957079,7.186848074573622,-0.6603532150028322
7.408530566894626,7.313345439714818,0.09518512717980787
7.563719668414366,7.358419638614324,0.2053000298000427
7.341483852363161,7.241301957775783,0.10018189458737758
6.8885724595653635,7.200571387719878,-0.31199892815451413
6.893656354602635,7.092236507247868,-0.1985801526452331
7.255591274253665,7.196712654751547,0.058878619502118035
7.59337419312129,7.321037560230017,0.27233663289127374
6.226536669287466,6.1954466882981665,0.03108998098929927
6.066108090103747,7.359419954583006,-1.293311864479259
7.062191632286556,7.244936485249954,-0.18274485296339815
7.001245622069476,7.339417366910376,-0.33817174484090007
6.999422467507961,7.324347756465777,-0.32492528895781536
7.313886831633462,7.159530735209598,0.1543560964238635
7.215239978730097,7.39264924522102,-0.1774092664909226
7.330405211844402,7.329326045715157,0.0010791661292453014
7.346010209913293,7.445614773071741,-0.09960456315844812
7.443078374348516,7.485122550711506,-0.042044176362990626
6.912742820493176,7.301483298892626,-0.38874047839945014
7.392031567514591,7.577723909348694,-0.18569234183410277
7.445417556701687,7.621651905985506,-0.17623434928381876
7.333023014386481,7.3783069341021905,-0.04528391971570933
7.380879035564116,7.319891856105921,0.06098717945819487
7.338238150065589,7.42659993176288,-0.08836178169729081
7.465082736399547,7.598828908433003,-0.1337461720334554
7.294377299288821,7.519326378911715,-0.22494907962289368
7.370860166536716,7.580176757169501,-0.20931659063278474
7.556427969440253,7.687515716808243,-0.13108774736799056
7.503840746698951,7.621420862574071,-0.1175801158751204
7.656810091480378,7.699430598328105,-0.04262050684772678
7.813995675002791,7.871078925774664,-0.05708325077187304
7.9817332866918855,8.001890505690605,-0.020157218998719806
7.399398083331354,7.726645310458339,-0.3272472271269846
7.502186486602924,7.575189779654804,-0.07300329305187958
7.009408932708637,7.173441076834483,-0.1640321441258461
7.27931883541462,7.445848740579097,-0.1665299051644773
7.558516743045645,7.680677362969932,-0.12216061992428706
7.499423290592229,7.433269845849613,0.06615344474261597
7.2868764117507,7.475973263285887,-0.1890968515351874
7.585281078639126,7.63189272150221,-0.04661164286308406
7.784057002639929,7.639320104814669,0.14473689782526034
7.27655640271871,7.447682988660345,-0.17112658594163488
7.523481312573497,7.637329945774837,-0.1138486332013402
7.665753431861699,7.712843914036422,-0.047090482174723114
7.429520842786462,7.6180295890317815,-0.18850874624531944
7.572502985020384,7.534466265880329,0.03803671914005502
7.638679823876112,7.57793676644547,0.06074305743064201
6.405228458030842,7.315326261202455,-0.9100978031716132
7.534762657037537,7.46210842240984,0.07265423462769682
7.665284718471351,7.819853247213424,-0.1545685287420735
7.544861068658458,7.476228877248808,0.06863219140964993
6.434546518787453,7.107760656733889,-0.6732141379464363
7.589335823170617,7.579565599048932,0.009770224121685267
7.664815785285735,7.703986413502742,-0.03917062821700679
7.790282380703483,7.69706358980415,0.09321879089933294
7.6236419465115715,7.780456182691236,-0.15681423617966495
7.628517626575055,7.599181992296967,0.029335634278088385
7.692569648067906,7.6104006257354095,0.08216902233249623
7.917171988845776,7.8599979510816445,0.057174037764131214
8.08301991917133,8.10830747982385,-0.02528756065252047
8.044626279767337,7.918603483883403,0.1260227958839346
7.81237820598861,7.688717705364314,0.1236605006242959
7.638679823876112,7.9037321587103175,-0.26505233483420554
7.902117546276448,8.184071138055153,-0.2819535917787048
7.659642954564682,7.822227248147894,-0.1625842935832118
7.5310163320779155,7.723197841213875,-0.19218150913595977
7.700747794511798,7.96871226809568,-0.26796447358388154
7.822444729489319,8.002490428143915,-0.1800456986545962
7.4342573821331355,7.775574435921391,-0.3413170537882557
7.614805364711073,8.001874753149949,-0.3870693884388752
7.793586803371584,8.092394481400353,-0.2988076780287692
7.336936913707618,7.8913106139292974,-0.5543737002216798
7.429520842786462,6.81157802875293,0.6179428140335324
7.708410667257367,7.745588516841012,-0.037177849583645006
7.719573989259581,7.813909962166455,-0.09433597290687334
8.0861025356691,8.023218701725815,0.06288383394328534
8.043984431221553,8.231116272216791,-0.18713184099523872
7.492760300922379,7.812564081542755,-0.31980378062037573
7.940227765145702,8.07430906052426,-0.13408129537855906
8.052296499538647,8.175318241805874,-0.12302174226722684
7.293697720601438,7.764421996798408,-0.4707242761969699
7.805882040228621,7.813137764756445,-0.007255724527824192
7.970740390007095,7.863791797057525,0.10694859294957038
8.116118431609365,8.075857262740302,0.040261168869063724
7.617759576608505,8.013823997409528,-0.39606442080102244
7.6787889981991535,7.860718217200225,-0.18192921900107173
8.09162741160107,8.300572137410503,-0.2089447258094328
8.047509510981422,7.911084132212792,0.1364253787686307
6.678342114654332,6.900728426017247,-0.2223863113629152
8.227909837597483,8.043774631166071,0.1841352064314119
8.14002395246292,8.27945414863391,-0.13943019617098962
8.07215530818825,8.160392462737825,-0.08823715454957437
8.279950715722526,8.350290894114698,-0.07034017839217199
8.340217320947035,8.162251857584689,0.1779654633623462
7.428333194190806,7.8209081875512805,-0.3925749933604745
8.3030093814735,7.907419388948773,0.3955899925247266
8.340694647925071,8.08623198858374,0.25446265934133017
8.312135107648412,8.294097155166476,0.018037952481936514
8.389359819906353,8.264362688565152,0.1249971313412015
8.261526448396468,8.109501613987893,0.15202483440857506
8.30844552038576,8.16630500238313,0.1421405180026305
8.432724034789787,8.318652411304175,0.1140716234856125
8.57772369115627,8.20675498645583,0.3709687047004415
8.11701408773731,8.007176099737082,0.10983798800022804
8.38958706681109,8.154951854324006,0.23463521248708474
8.400884069015854,8.16742457180095,0.23345949721490378
7.87587915949631,7.846675625307469,0.029203534188840585
8.396831834745054,8.185494349350856,0.21133748539419805
8.435549202375727,8.237944877352918,0.19760432502280878
8.458292083496076,8.356796528402247,0.10149555509382857
8.374015421739909,8.319456131832549,0.0545592899073597
8.380685946761574,8.302166515968386,0.0785194307931878
8.476996001664824,8.44729589668902,0.02970010497580411
8.338544879988579,8.395205890683346,-0.05666101069476781
8.489616423646003,8.262260576655311,0.227355846990692
8.31996102188653,8.1051801991008,0.21478082278572863
8.134174272137903,8.100884419682608,0.03328985245529559
8.423541635334782,8.088802817943684,0.33473881739109856
8.28349412616251,8.320607028729851,-0.037112902567340456
8.3243363327069,8.074171340691372,0.2501649920155291
8.25712628599743,8.11793687608982,0.13918940990761008
8.428361977709622,8.194399586266552,0.23396239144306996
8.50045386741194,8.366815700721862,0.1336381666900781
8.666474894131992,8.481279956662016,0.1851949374699764
8.446770727119691,8.313714565395713,0.13305616172397805
8.360305435879093,8.192312032754138,0.1679934031249548
8.410053315858335,8.33828462085902,0.07176869499931549
8.512783482927537,8.51782275035925,-0.0050392674317123465
8.450412157725886,8.555681562772925,-0.1052694050470393
8.450839690866216,8.51300062688584,-0.062160936019623136
8.467582690862903,8.41020551997215,0.05737717089075289
8.473868066677865,8.31049750669681,0.163370559981054
8.318254328798846,8.395817251136126,-0.07756292233728068
8.289539484624141,8.773851405497652,-0.4843119208735107
8.287528423111763,8.402798399201508,-0.11526997608974554
8.510772623613315,8.512089790357257,-0.0013171667439415558
8.57772369115627,8.404836076998967,0.17288761415730391
8.583355393669907,8.459295879055349,0.124059514614558
8.498214224818435,8.195902058129192,0.30231216668924255
8.422442854870427,8.419487625591602,0.0029552292788253
8.483222671845084,8.45445452266742,0.02876814917766346
8.38958706681109,8.612373767988629,-0.2227867011775384
8.272570608424903,8.580330558218268,-0.30775994979336474
8.43076346341785,8.603034541070675,-0.1722710776528249
8.510369966068112,8.48415870898723,0.026211257080881012
8.40290404501411,8.288212739938556,0.11469130507555292
8.521185212685776,8.239747995635838,0.2814372170499375
8.495152060539358,8.269463903067397,0.2256881574719607
8.55256033525353,8.408464356945998,0.14409597830753107
8.23403420769204,8.174154795372164,0.05987941231987648
8.485496104672983,8.361707923863106,0.12378818080987664
8.540714386457584,8.460591995548695,0.08012239090888862
8.464635940677562,8.299821220828614,0.16481471984894824
8.296546520300614,8.156833554830083,0.13971296547053136
8.483636407887394,8.28911001407399,0.19452639381340298
8.413387022690648,8.508386658575846,-0.09499963588519833
8.474285690404962,8.339360538124613,0.13492515228034918
8.515391569469609,8.520906677171343,-0.005515107701734578
8.556798446008598,8.502915583196398,0.053882862812200116
8.576405051048084,8.486635700218153,0.08976935082993087
8.457018468380168,8.361156161416536,0.09586230696363174
8.444192298531748,8.579555991624154,-0.13536369309240648
8.561210076833012,8.503253441565345,0.05795663526766681
8.615226931687603,8.555734016885305,0.05949291480229846
8.587092318795905,8.539573044022164,0.04751927477374096
8.540714386457584,8.499358901199766,0.04135548525781729
8.444407421690585,8.067331202280632,0.3770762194099522
8.706655856361559,8.076265459259897,0.630390397101662
8.447843113281444,8.450223670266945,-0.0023805569855017694
8.44009614103127,8.320990183861673,0.11910595716959804
8.432070937999402,8.390328071697992,0.04174286630141033
8.303999970955196,8.144859390442424,0.1591405805127728
8.58223158759546,8.36386939530226,0.21836219229320086
8.493105395887147,8.306412845253499,0.18669255063364787
8.315321775377567,8.265623263141167,0.049698512236400205
8.356554845453426,8.472136868100248,-0.11558202264682294
8.376090350438238,8.412295427820816,-0.0362050773825775
8.533853632309345,8.292220305208343,0.2416333271010025
8.619388703730907,8.288246086190737,0.33114261754016994
8.686598356276965,8.268916478699193,0.4176818775777722
8.57583938684897,8.191198407250589,0.38464097959838206
8.402455513945814,8.292280882643087,0.11017463130272631
8.420902531097951,8.478216917869792,-0.057314386771841086
8.37378460812088,8.461953412568187,-0.08816880444730657
8.238536930171769,8.353890086253799,-0.11535315608202978
8.127699852817772,8.667898537253725,-0.5401986844359534
8.09712193091871,8.658861873937042,-0.5617399430183312
8.190354403763262,8.482871773307306,-0.2925173695440435
8.253227645581772,8.369846976462583,-0.11661933088081078
8.431635303054591,8.434292803392271,-0.0026575003376798634
8.445911989411274,8.52324414931398,-0.07733215990270637
8.387084506069217,8.464988135692293,-0.0779036296230764
8.254788926148725,8.607906834188508,-0.35311790803978305
8.406261630708956,8.549283992182398,-0.1430223614734416
8.366835309827675,8.461099182038284,-0.09426387221060928
8.358431899031295,8.526882551826684,-0.1684506527953893
8.485702524324866,8.57081724968372,-0.08511472535885467
8.181440695719374,8.389460073661324,-0.2080193779419499
8.428580533059634,8.244380712420842,0.18419982063879203
8.490027523343468,8.437759151162417,0.05226837218105018
8.364973978438726,8.220030339669396,0.14494363876933036
8.23880116587155,8.306144887801793,-0.06734372193024285
8.372398606513004,8.464762750295092,-0.09236414378208835
8.434246270595311,8.581741725994833,-0.1474954553995218
8.472195825485501,8.583008506732341,-0.11081268124683952
8.474703139795285,8.53722668882687,-0.06252354903158519
8.498010371999463,8.592243151720577,-0.09423277972111421
8.330863613224745,8.198706579956857,0.1321570332678874
8.24800570160062,8.036443286379548,0.21156241522107244
8.37516869138682,8.229621563728612,0.1455471276582081
8.460622839927844,8.370611765646633,0.09001107428121102
8.454040376410969,8.500845980656056,-0.04680560424508684
8.244071270295786,8.357427087657925,-0.11335581736213918
8.331586243630754,8.298928744291134,0.0326574993396207
8.55468163582723,8.441895601734762,0.11278603409246735
8.261784679514752,8.193991490437606,0.06779318907714682
8.467582690862903,8.328598559835077,0.1389841310278257
8.68185981297147,8.422107734799642,0.25975207817182877
8.542860938164814,8.305564455012,0.23729648315281437
8.17244681834278,8.184067120078666,-0.011620301735886684
8.446985296372741,8.462929969191219,-0.015944672818477557
7.016609683894219,7.960897631715323,-0.9442879478211035
8.374246182096304,8.230344927699003,0.14390125439730106
8.441175704992322,8.313759389047805,0.12741631594451697
8.557182839632397,8.390536622920697,0.16664621671169932
8.52872642722991,8.439781430757614,0.08894499647229637
8.539932678385727,8.546256161832096,-0.006323483446369238
8.461046030793236,8.416491384669998,0.04455464612323823
8.40827078419205,8.485043191869401,-0.0767724076773515
8.505120610181969,8.42765460094375,0.07746600923821845
8.11701408773731,8.073800248404378,0.04321383933293177
7.904703913873747,7.091252917985462,0.8134509958882852
7.59890045687141,7.408664247809596,0.1902362090618137
7.518607216815252,7.346514923619713,0.1720922931955391
8.173011311724972,8.347307232849332,-0.17429592112435977
8.583916823459145,8.47544611001642,0.10847071344272408
8.526351129201004,8.437545541052758,0.08880558814824546
8.45807992692373,8.506419139221922,-0.048339212298191825
8.46863300080086,8.49939149148863,-0.030758490687770035
8.473241303887054,8.52443134964406,-0.051190045757005365
8.204945165019208,8.171158356799667,0.033786808219540276
8.468002947225466,8.180453580124901,0.28754936710056533
8.414274137408396,8.09874324479199,0.31553089261640643
8.360305435879093,8.154318174439231,0.20598726143986212
8.420462002456466,8.20173585218167,0.21872615027479547
8.200013648175434,8.189275599371074,0.010738048804359579
8.378390788535778,8.271845615081643,0.10654517345413517
8.475328987317539,8.278903472494553,0.19642551482298565
7.781138509845015,8.503037539358012,-0.7218990295129961
8.59840444684106,8.537697338898491,0.060707107942569394
8.51919119407891,8.523648575808588,-0.004457381729677579
8.440312147080279,8.536152488821319,-0.09584034174103984
8.323608442343572,8.534450218375072,-0.21084177603150067
8.27052509505507,8.523896906382836,-0.25337181132776543
8.48446336679332,8.642946049251783,-0.1584826824584642
8.556798446008598,8.584510434032804,-0.02771198802420649
7.795234929002173,7.951911645381993,-0.1566767163798204
7.978653729082731,7.8172364387506414,0.16141729033208918
8.180320874773685,8.059907742332307,0.12041313244137797
8.40200678160712,8.270852808768321,0.13115397283879915
8.481773246184977,8.421696343311115,0.06007690287386147
8.469052816088302,8.395357814176396,0.07369500191190603
8.514188682395938,8.527618822026001,-0.013430139630063564
8.595819511871428,8.483085492485625,0.11273401938580285
8.614501373883236,8.395829101137188,0.21867227274604772
8.540323608805092,8.292412168198418,0.24791144060667492
8.425735580927402,8.32033351699547,0.10540206393193152
7.789868559054706,7.277347250792549,0.5125213082621567
7.976938756959434,8.311605409246036,-0.334666652286602
8.200837258379849,8.287566513341616,-0.08672925496176731
8.559677803022392,8.366512115673281,0.19316568734911144
8.525359754082631,8.265021431621415,0.2603383224612159
8.42726848388825,8.393958373188253,0.0333101106999969
8.465478755729558,8.349474440892342,0.11600431483721607
7.793174347189205,7.283940715808051,0.5092336313811536
8.341648618901306,8.097789066646255,0.24385955225505107
8.36730010184162,8.25785331805777,0.10944678378385042
8.36822903827628,8.309086521916264,0.05914251636001566
8.385032287813898,8.162429682913888,0.22260260490000938
8.339739766019143,8.245303225037686,0.09443654098145693
8.452547997922705,8.328664876605059,0.12388312131764678
8.267192185932146,8.226933256520201,0.04025892941194442
7.88570539124302,8.110352605193851,-0.22464721395083131
8.228710798793687,7.984084225501471,0.2446265732922157
6.440946540632921,6.7178845641658675,-0.2769380235329466
8.11102783819368,7.975839501750585,0.13518833644309503
8.207674424355282,8.090817452912303,0.11685697144297968
8.31090675716845,8.238713629614644,0.07219312755380614
8.339500903005945,8.243784203911313,0.09571669909463232
8.287528423111763,8.24404164570161,0.043486777410151944
8.305484017727691,8.082216189308118,0.22326782841957282
8.275376374836407,8.137718498715218,0.13765787612118885
8.202208436436448,8.081740618208498,0.12046781822795083
8.302761580704049,8.225551150957072,0.07721042974697667
8.344029572407049,8.298103188021875,0.045926384385174046
8.32093496888341,8.28056719133092,0.04036777755248977
7.983781068977451,7.999383097153077,-0.015602028175625726
8.122074375362217,7.873242851094806,0.24883152426741173
8.310660905907225,8.154354225809627,0.15630668009759852
8.220672170297252,8.187325129636285,0.03334704066096705
8.408716715080153,8.298907458843646,0.10980925623650784
8.341648618901306,8.288615919569025,0.05303269933228094
7.504942068396171,7.268052099832928,0.2368899685632435
8.023879992734878,7.940070300751007,0.08380969198387156
8.129174996911793,8.150350780734032,-0.021175783822238614
8.206037762778815,8.118710648850103,0.08732711392871195
8.166216268592143,8.106779711731336,0.05943655686080618
7.9247959139564355,7.212627151420208,0.7121687625362272
7.382124365737512,7.203807112935603,0.17831725280190902
7.850103545175582,7.991632747848673,-0.141529202673091
7.3098814858247865,8.015349037652006,-0.70546755182722
7.934513463882263,8.277715950690935,-0.3432024868086714
8.028781162487148,8.25801711115371,-0.22923594866656316
8.029758520440822,8.16988467078339,-0.14012615034256726
8.260234291607297,8.328059501064953,-0.06782520945765569
7.97728198675515,8.053713825528787,-0.07643183877363668
8.19229373114764,8.025368428921048,0.1669253022265913
8.223358899479258,8.079303624469201,0.14405527501005722
8.27893600229198,8.175502603318945,0.10343339897303494
8.192570471152173,8.1243727229589,0.06819774819327407
8.156223323194624,8.031600657377785,0.12462266581683856
8.24564690087386,8.068268623610228,0.17737827726363165
7.860956364876389,7.159713537636312,0.701242827240077
6.558197802812269,7.035162636581656,-0.4769648337693875
8.10832229017324,7.957900389553579,0.15042190061966032
8.194229304819817,8.12484934124447,0.06937996357534715
8.06777619577889,8.005108847842031,0.06266734793685913
7.916807490937603,7.994281453041827,-0.07747396210422419
8.104703468371108,7.994041917010581,0.11066155136052647
8.167068178341237,8.077411195193594,0.08965698314764303
8.226840890408578,8.081685485412802,0.1451554049957764
8.21851757748959,8.070314260369269,0.14820331712032164
8.182279739259018,8.085577238579425,0.09670250067959252
7.915348169263078,7.847664136765418,0.06768403249766042
7.796057974316123,7.881537667522757,-0.08547969320663373
8.132412674500905,7.966269912066277,0.1661427624346281
8.229511118964457,8.218817299144396,0.010693819820060568
7.886081401775745,7.457815251864666,0.4282661499110789
8.028781162487148,7.6569783089025645,0.3718028535845832
7.700295203420117,7.522765664126377,0.17752953929374016
6.918695219020472,7.509789462346169,-0.5910942433256974
6.625392368007956,7.346952132963459,-0.7215597649555026
7.183111701743281,7.261976683399747,-0.0788649816564666
7.057897937411856,7.359493607928316,-0.30159567051645997
7.741533589281828,7.437125489843756,0.30440809943807245
7.792761720816526,7.481034932387941,0.3117267884285848
8.00603417874901,7.568156012444003,0.43787816630500664
7.818027938530729,7.632459593762645,0.18556834476808426
7.738052297689316,7.939187643657919,-0.20113534596860383
7.576097340623111,7.628402951018629,-0.05230561039551773
